word,part_of_speech,level,taught,week_taught,notes
a,art.,1200,no,,
a few,adj.,1200,no,,
a little,adj.,1200,no,,
a lot,adj.,1200,no,,
A.M.,adv.,1200,no,,
able,adj.,1200,no,,
about,adv./prep.,1200,no,,
above,adj./adv.,1200,no,,
abroad,adv.,1200,no,,
absent,adj./v.,800,no,,
accept,v.,800,no,,
accident,n.,800,no,,
across,adv./prep.,1200,no,,
act,v./n.,1200,no,,
action,n.,1200,no,,
active,adj.,800,no,,
activity,n.,800,no,,
actor,n.,1200,no,,
actress,n.,1200,no,,
actually,adv.,1200,no,,
add,v.,800,no,,
address,v./n.,800,no,,
admire,v.,800,no,,
adult,adj./n.,800,no,,
advertisement,n.,800,no,,
advice,n.,800,no,,
advise,v.,800,no,,
affect,v.,800,no,,
afraid,adj.,1200,no,,
after,adv./prep.,1200,no,,
afternoon,n.,1200,no,,
again,adv.,1200,no,,
against,prep.,800,no,,
age,v./n.,1200,no,,
ago,adv.,1200,no,,
agree,v.,1200,no,,
ahead,adv.,1200,no,,
aim,v./n.,800,no,,
air,n.,1200,no,,
air conditioner,n.,800,no,,
airlines,n.,800,no,,
airplane,n.,1200,no,,
airport,n.,1200,no,,
alarm,v./n.,800,no,,
album,n.,800,no,,
alike,adj./adv.,800,no,,
alive,adj.,800,no,,
all,adj./adv.,1200,no,,
allow,v.,1200,no,,
almost,adv.,1200,no,,
alone,adj./adv.,800,no,,
along,adv./prep.,1200,no,,
aloud,adv.,800,no,,
alphabet,n.,800,no,,
already,adv.,1200,no,,
also,adv.,1200,no,,
although,conj.,1200,no,,
altogether,adv.,800,no,,
always,adv.,1200,no,,
am,v.,1200,no,,
ambulance,n.,800,no,,
America,n.,1200,no,,
American,adj./n.,1200,no,,
among,prep.,800,no,,
amount,v./n.,800,no,,
an,art.,1200,no,,
ancient,adj.,800,no,,
and,conj.,1200,no,,
angel,n.,800,no,,
anger,n.,800,no,,
angle,n.,1200,no,,
angry,adj.,1200,no,,
animal,n.,1200,no,,
ankle,n.,800,no,,
another,adj./pron.,1200,no,,
answer,v./n.,1200,no,,
ant,n.,1200,no,,
any,adj./adv.,1200,no,,
anybody,pron.,1200,no,,
anyone,pron.,1200,no,,
anything,pron.,1200,no,,
anywhere,adv.,800,no,,
apartment,n.,1200,no,,
apologize,v.,800,no,,
appear,v.,1200,no,,
apple,n.,1200,no,,
appreciate,v.,800,no,,
April,n.,1200,no,,
are,v.,1200,no,,
area,n.,1200,no,,
aren't,v.,1200,no,,
argue,v.,800,no,,
arm,v./n.,1200,no,,
armchair,n.,800,no,,
army,n.,800,no,,
around,adv./prep.,1200,no,,
arrange,v.,800,no,,
arrive,v.,1200,no,,
art,n.,1200,no,,
artist,n.,800,no,,
as,adv./prep.,1200,no,,
ask,v.,1200,no,,
asleep,adj.,800,no,,
assistant,adj./n.,800,no,,
assume,v.,800,no,,
at,prep.,1200,no,,
attack,v./n.,1200,no,,
attention,n.,800,no,,
August,n.,1200,no,,
aunt,n.,1200,no,,
autumn,n.,1200,no,,
available,adj.,800,no,,
avoid,v.,800,no,,
away,adj./adv.,1200,no,,
baby,n.,1200,no,,
baby sitter,n.,800,no,,
back,adj./v.,1200,no,,
backpack,v./n.,800,no,,
backward,adj./adv.,800,no,,
bad,adj.,1200,no,,
badminton,n.,1200,no,,
bag,n.,1200,no,,
bake,v.,1200,no,,
bakery,n.,1200,no,,
balcony,n.,1200,no,,
ball,v./n.,800,no,,
balloon,v./n.,800,no,,
banana,n.,1200,no,,
band,n.,1200,no,,
bank,v./n.,1200,no,,
barbecue,v./n.,800,no,,
barber,n.,800,no,,
bark,v./n.,800,no,,
base,v./n.,800,no,,
baseball,n.,1200,no,,
basement,n.,800,no,,
basic,adj.,800,no,,
basket,n.,1200,no,,
basketball,n.,1200,no,,
bat,v./n.,1200,no,,
bath,n.,1200,no,,
bathe,v.,800,no,,
bathroom,n.,1200,no,,
be,v.,1200,no,,
beach,v./n.,1200,no,,
bean,n.,1200,no,,
bear,v./n.,1200,no,,
beard,n.,800,no,,
beat,v./n.,800,no,,
beautiful,adj.,1200,no,,
beauty,n.,800,no,,
because,conj.,1200,no,,
become,v.,1200,no,,
bed,n.,1200,no,,
bedroom,n.,1200,no,,
bee,n.,1200,no,,
beef,n.,1200,no,,
beer,n.,800,no,,
before,adv./prep.,1200,no,,
begin,v.,1200,no,,
beginner,n.,800,no,,
beginning,n.,800,no,,
behave,v.,800,no,,
behind,adv./prep.,1200,no,,
believe,v.,1200,no,,
bell,n.,1200,no,,
belong,v.,1200,no,,
below,adv./prep.,1200,no,,
belt,v./n.,1200,no,,
bench,n.,1200,no,,
beside,prep.,1200,no,,
besides,adv./prep.,800,no,,
between,adv./prep.,1200,no,,
beyond,adv./prep.,800,no,,
bicycle,n.,1200,no,,
big,adj.,1200,no,,
bike,v./n.,1200,no,,
bill,v./n.,800,no,,
biology,n.,800,no,,
bird,n.,1200,no,,
birthday,n.,1200,no,,
bite,v./n.,1200,no,,
bitter,adj.,800,no,,
black,adj./n.,1200,no,,
blackboard,n.,1200,no,,
blame,v./n.,800,no,,
blank,adj./n.,1200,no,,
blanket,v./n.,1200,no,,
bless,v.,800,no,,
blind,adj./v.,1200,no,,
block,v./n.,1200,no,,
blood,n.,800,no,,
blouse,n.,800,no,,
blow,v./n.,1200,no,,
blue,adj./n.,1200,no,,
board,v./n.,800,no,,
boat,n.,1200,no,,
body,n.,1200,no,,
boil,v./n.,1200,no,,
bomb,v./n.,800,no,,
bone,n.,800,no,,
book,v./n.,1200,no,,
bookcase,n.,800,no,,
bookstore,n.,1200,no,,
bored,adj.,1200,no,,
boring,adj.,1200,no,,
born,adj.,1200,no,,
borrow,v.,1200,no,,
boss,v./n.,1200,no,,
both,adj./adv.,1200,no,,
bother,v./n.,800,no,,
bottle,v./n.,1200,no,,
bottom,adj./v.,1200,no,,
bow,v./n.,1200,no,,
bowl,n.,1200,no,,
bowling,n.,800,no,,
box,v./n.,1200,no,,
boy,n.,1200,no,,
branch,v./n.,800,no,,
brave,adj.,1200,no,,
bread,n.,1200,no,,
break,v./n.,1200,no,,
breakfast,v./n.,1200,no,,
brick,n.,800,no,,
bridge,v./n.,1200,no,,
bright,adj./adv.,1200,no,,
bring,v.,1200,no,,
broad,adj.,800,no,,
broadcast,v./n.,800,no,,
brother,n.,1200,no,,
brown,adj./v.,1200,no,,
brunch,n.,800,no,,
brush,v./n.,1200,no,,
bucket,n.,800,no,,
buffet,n.,800,no,,
bug,v./n.,1200,no,,
build,v.,1200,no,,
building,n.,800,no,,
bun,n.,1200,no,,
bundle,n.,800,no,,
burger,n.,1200,no,,
burn,v./n.,1200,no,,
burst,v./n.,800,no,,
bus,v./n.,1200,no,,
business,n.,1200,no,,
businessman,n.,1200,no,,
busy,adj./v.,1200,yes,01,第一週確認已掌握；不計入正式核心單字額度
but,adv./prep.,1200,no,,
butter,v./n.,1200,no,,
butterfly,n.,1200,no,,
button,v./n.,1200,no,,
buy,v./n.,1200,no,,
by,adv./prep.,1200,no,,
bye,int./n.,1200,no,,
cabbage,n.,800,no,,
cable,v./n.,800,no,,
cafeteria,n.,800,no,,
cage,v./n.,800,no,,
cake,n.,1200,no,,
calendar,n.,800,no,,
call,v./n.,1200,no,,
calm,adj./v.,800,no,,
camera,n.,1200,no,,
camp,v./n.,1200,no,,
campus,n.,800,no,,
can,v./n.,1200,no,,
cancel,v.,800,no,,
cancer,n.,800,no,,
candle,n.,1200,no,,
candy,n.,1200,no,,
can't,v.,1200,no,,
cap,v./n.,1200,no,,
captain,n.,800,no,,
car,n.,1200,no,,
card,n.,1200,no,,
care,v./n.,1200,no,,
careful,adj.,1200,no,,
careless,adj.,800,no,,
carpet,v./n.,800,no,,
carrot,n.,800,no,,
carry,v.,1200,no,,
cartoon,v./n.,800,no,,
case,v./n.,1200,no,,
cash,v./n.,800,no,,
castle,n.,1200,no,,
cat,n.,1200,no,,
catch,v./n.,1200,no,,
cause,v./n.,800,no,,
ceiling,n.,800,no,,
celebrate,v.,1200,no,,
cellphone,n.,1200,no,,
cent,n.,1200,no,,
center,v./n.,1200,no,,
centimeter,n.,1200,no,,
central,adj.,800,no,,
century,n.,800,no,,
cereal,n.,800,no,,
certain,adj./pron.,800,no,,
chair,v./n.,1200,no,,
chalk,v./n.,1200,no,,
chance,v./n.,1200,no,,
change,v./n.,1200,no,,
channel,v./n.,800,no,,
character,n.,800,no,,
charge,v./n.,800,no,,
chart,v./n.,800,no,,
chase,v./n.,800,no,,
cheap,adj./adv.,1200,no,,
cheat,v./n.,1200,no,,
check,v./n.,1200,no,,
cheer,v./n.,1200,no,,
cheese,n.,1200,no,,
chemistry,n.,800,no,,
chess,n.,800,no,,
chicken,n.,1200,no,,
child,n.,1200,no,,
childhood,n.,800,no,,
childish,adj.,800,no,,
childlike,adj.,800,no,,
chin,n.,800,no,,
China,n.,1200,no,,
Chinese,adj./n.,1200,no,,
chocolate,n.,1200,no,,
choice,adj./n.,1200,no,,
choose,v.,1200,no,,
chopsticks,n.,1200,no,,
Christmas,n.,1200,no,,
chubby,adj.,800,no,,
church,n.,1200,no,,
circle,v./n.,1200,no,,
city,n.,1200,no,,
clap,v./n.,1200,no,,
class,v./n.,1200,yes,01,第一週確認已掌握；不計入正式核心單字額度
classical,adj.,800,no,,
classmate,n.,1200,no,,
classroom,n.,1200,no,,
clean,adj./v.,1200,no,,
clear,adj./v.,1200,no,,
clerk,n.,1200,no,,
clever,adj.,800,no,,
climate,n.,800,no,,
climb,v./n.,1200,no,,
clock,n.,1200,no,,
close,adj./v.,1200,no,,
closet,n.,800,no,,
clothes,n.,1200,no,,
cloud,v./n.,1200,no,,
cloudy,adj.,1200,no,,
club,v./n.,1200,no,,
coach,v./n.,800,no,,
coast,n.,800,no,,
coat,v./n.,1200,no,,
cockroach,n.,800,no,,
coffee,n.,1200,no,,
coin,v./n.,800,no,,
cola,n.,800,no,,
cold,adj./n.,1200,no,,
collect,v.,1200,no,,
college,n.,800,no,,
color,v./n.,1200,no,,
colorful,adj.,800,no,,
comb,v./n.,1200,no,,
come,v.,1200,no,,
comfortable,adj.,1200,no,,
comic,adj./n.,1200,no,,
command,v./n.,800,no,,
comment,v./n.,800,no,,
common,adj./n.,1200,no,,
company,n.,800,yes,02,第二週核心單字
compare,v.,800,no,,
complain,v.,800,no,,
complete,adj./v.,800,no,,
computer,n.,1200,no,,
concern,v./n.,800,no,,
confident,adj.,800,no,,
confuse,v.,800,no,,
congratulation,n.,800,no,,
consider,v.,800,no,,
considerate,adj.,800,no,,
contact lens,n.,800,no,,
continue,v.,800,yes,02,第二週核心單字
contract,v./n.,800,no,,
control,v./n.,800,no,,
convenience store,n.,800,no,,
convenient,adj.,1200,no,,
conversation,n.,800,no,,
cook,v./n.,1200,no,,
cookie,n.,1200,no,,
cool,adj./v.,1200,yes,01,第一週確認已掌握；不計入正式核心單字額度
copy,v./n.,1200,no,,
corn,n.,800,no,,
corner,n.,1200,no,,
correct,adj./v.,1200,no,,
cost,v./n.,1200,no,,
cotton,n.,800,no,,
couch,v./n.,1200,no,,
cough,v./n.,800,no,,
could,v.,1200,no,,
couldn't,v.,1200,no,,
count,v./n.,1200,no,,
country,n.,1200,no,,
couple,v./n.,800,no,,
courage,n.,800,no,,
course,v./n.,1200,no,,
court,v./n.,800,no,,
cousin,n.,1200,no,,
cover,v./n.,1200,no,,
cow,n.,1200,no,,
cowboy,n.,800,no,,
crab,n.,800,no,,
crayon,n.,800,no,,
crazy,adj.,1200,no,,
cream,adj./n.,800,no,,
create,v.,800,yes,02,第二週核心單字
credit card,n.,800,no,,
crime,n.,800,no,,
cross,v./n.,1200,no,,
crowd,v./n.,800,no,,
crowded,adj.,800,no,,
cruel,adj.,800,no,,
cry,v./n.,1200,no,,
culture,n.,800,no,,
cup,v./n.,1200,no,,
cure,v./n.,800,no,,
curious,adj.,800,no,,
current,adj./n.,800,no,,
curtain,v./n.,800,no,,
curve,v./n.,800,no,,
custom,n.,800,no,,
customer,n.,800,no,,
cut,v./n.,1200,no,,
cute,adj.,1200,no,,
dad,n.,1200,no,,
daddy,n.,1200,no,,
daily,adj./adv.,800,no,,
damage,v./n.,800,no,,
dance,v./n.,1200,no,,
danger,n.,800,no,,
dangerous,adj.,1200,no,,
dark,adj./n.,1200,no,,
date,v./n.,1200,no,,
daughter,n.,1200,no,,
dawn,v./n.,800,no,,
day,n.,1200,no,,
dead,adj.,1200,no,,
deaf,adj.,800,no,,
deal,v./n.,1200,no,,
dear,adj./adv.,1200,no,,
death,n.,1200,no,,
debate,v./n.,800,no,,
December,n.,1200,no,,
decide,v.,1200,no,,
decision,n.,800,no,,
decorate,v.,800,no,,
decrease,v./n.,800,no,,
deep,adj./adv.,1200,no,,
deer,n.,800,no,,
define,v.,1200,no,,
degree,n.,800,no,,
delicious,adj.,1200,no,,
deliver,v.,800,no,,
dentist,n.,1200,no,,
department,n.,800,no,,
department store,n.,1200,no,,
depend,v.,800,no,,
describe,v.,800,no,,
desert,v./n.,800,no,,
design,v./n.,800,no,,
desire,v./n.,800,no,,
desk,n.,1200,no,,
dessert,n.,800,no,,
detect,v.,800,no,,
develop,v.,800,no,,
dial,v./n.,800,no,,
diamond,n.,800,no,,
diary,n.,800,no,,
dictionary,n.,1200,no,,
didn't,v.,1200,no,,
die,v./n.,1200,no,,
diet,adj./v.,800,no,,
difference,n.,800,no,,
different,adj.,1200,no,,
difficult,adj.,1200,no,,
difficulty,n.,800,no,,
dig,v./n.,1200,no,,
diligent,adj.,800,no,,
dining room,n.,1200,no,,
dinner,n.,1200,no,,
dinosaur,n.,800,no,,
diplomat,n.,800,no,,
direct,adj./v.,800,no,,
direction,n.,800,no,,
dirty,adj./v.,1200,no,,
disappear,v.,800,no,,
discover,v.,800,no,,
discuss,v.,800,no,,
discussion,n.,800,no,,
dish,v./n.,1200,no,,
dishonest,adj.,800,no,,
distance,v./n.,800,no,,
distant,adj.,800,no,,
divide,v./n.,800,no,,
dizzy,adj.,800,no,,
do,v.,1200,no,,
doctor,n.,1200,no,,
dodge ball,n.,800,no,,
doesn't,v.,1200,no,,
dog,n.,1200,no,,
doll,n.,1200,no,,
dollar,n.,1200,no,,
dolphin,n.,800,no,,
donkey,n.,800,no,,
don't,v.,1200,no,,
door,n.,1200,no,,
dot,v./n.,1200,no,,
double,adj./v.,800,no,,
doubt,v./n.,800,no,,
doughnut,n.,800,no,,
down,adj./v.,1200,no,,
download,v./n.,1200,no,,
downstairs,adj./adv.,800,no,,
downtown,adj./adv.,800,no,,
dozen,n.,1200,no,,
Dr.,n.,1200,no,,
dragon,n.,800,no,,
drama,n.,800,no,,
draw,v./n.,1200,no,,
drawer,n.,1200,no,,
dream,v./n.,1200,no,,
dress,v./n.,1200,no,,
dresser,n.,800,no,,
drink,v./n.,1200,no,,
drive,v./n.,1200,no,,
driver,n.,1200,no,,
drop,v./n.,1200,no,,
drugstore,n.,800,no,,
drum,v./n.,1200,no,,
dry,adj./v.,1200,no,,
dryer,n.,800,no,,
duck,v./n.,1200,no,,
dumb,adj.,800,no,,
dumpling,n.,800,no,,
during,prep.,1200,no,,
duty,n.,800,no,,
each,adj./adv.,1200,no,,
eagle,n.,800,no,,
ear,n.,1200,no,,
early,adj./adv.,1200,no,,
earn,v.,800,no,,
earrings,n.,800,no,,
earth,n.,1200,no,,
earthquake,n.,1200,no,,
ease,v./n.,800,no,,
east,adj./adv.,1200,no,,
Easter,n.,1200,no,,
easy,adj.,1200,no,,
eat,v.,1200,no,,
edge,v./n.,800,no,,
education,n.,800,no,,
effort,n.,800,no,,
egg,n.,1200,no,,
eight,adj./n.,1200,no,,
eighteen,adj./n.,1200,no,,
eighty,adj./n.,1200,no,,
either,adj./adv.,1200,no,,
elder,adj./n.,800,no,,
elect,adj./v.,800,no,,
electric,adj.,800,no,,
elementary school,n.,1200,no,,
elephant,n.,1200,no,,
eleven,adj./n.,1200,no,,
else,adj./adv.,1200,no,,
e-mail,v./n.,1200,no,,
embarrass,v.,800,no,,
emotion,n.,800,no,,
emphasize,v.,800,no,,
employ,v.,800,no,,
empty,adj./v.,800,no,,
end,v./n.,1200,no,,
enemy,n.,800,no,,
energetic,adj.,800,no,,
energy,n.,800,no,,
engine,n.,800,no,,
engineer,n.,1200,no,,
English,adj./n.,1200,no,,
enjoy,v.,1200,no,,
enough,adj./adv.,1200,no,,
enter,v.,1200,no,,
entrance,n.,800,no,,
envelope,n.,1200,no,,
environment,n.,800,no,,
envy,v./n.,800,no,,
equal,adj./v.,800,no,,
eraser,n.,1200,no,,
error,n.,1200,no,,
especially,adv.,800,no,,
eve,n.,1200,no,,
even,adj./v.,1200,no,,
evening,n.,1200,no,,
event,n.,800,no,,
ever,adv.,1200,no,,
every,adj.,1200,no,,
everybody,pron.,1200,no,,
everyone,pron.,1200,no,,
everything,pron.,1200,no,,
everywhere,adv.,800,no,,
evil,adj./n.,800,no,,
exam,n.,800,no,,
example,n.,1200,no,,
excellent,adj.,1200,no,,
except,v./prep.,1200,no,,
excite,v.,800,no,,
excited,adj.,1200,no,,
exciting,adj.,1200,no,,
excuse,v./n.,1200,no,,
exercise,v./n.,1200,no,,
exist,v.,800,no,,
exit,v./n.,800,no,,
expect,v.,1200,no,,
expensive,adj.,1200,no,,
experience,v./n.,1200,no,,
explain,v.,1200,no,,
express,adj./v.,800,no,,
extra,adj./adv.,800,no,,
eye,v./n.,1200,no,,
face,v./n.,1200,no,,
fact,n.,1200,no,,
factory,n.,1200,no,,
fail,v./n.,1200,no,,
fair,adj./adv.,800,no,,
fall,v./n.,1200,no,,
false,adj.,800,no,,
family,n.,1200,yes,01,第一週確認已掌握；不計入正式核心單字額度
famous,adj.,1200,no,,
fan,v./n.,1200,no,,
fancy,adj./v.,800,no,,
fantastic,adj.,800,no,,
far,adj./adv.,1200,no,,
farm,v./n.,1200,no,,
farmer,n.,1200,no,,
fashionable,adj.,800,no,,
fast,adj./adv.,1200,no,,
fat,adj./n.,1200,no,,
father,v./n.,1200,no,,
faucet,n.,800,no,,
fault,v./n.,800,no,,
favorite,adj./n.,1200,yes,01,第一週確認已掌握；不計入正式核心單字額度
fear,v./n.,800,no,,
February,n.,1200,no,,
fee,n.,800,no,,
feed,v./n.,1200,no,,
feel,v./n.,1200,no,,
feeling,n.,800,no,,
female,adj./n.,800,no,,
fence,v./n.,800,no,,
festival,n.,1200,no,,
fever,n.,1200,no,,
few,adj./pron.,1200,no,,
fifteen,adj./n.,1200,no,,
fifty,adj./n.,1200,no,,
fight,v./n.,1200,no,,
file,v./n.,1200,no,,
fill,v./n.,1200,no,,
film,v./n.,800,no,,
final,adj./n.,800,no,,
finally,adv.,1200,no,,
find,v./n.,1200,no,,
fine,adj./v.,1200,no,,
finger,v./n.,1200,no,,
finish,v./n.,1200,no,,
fire,v./n.,1200,no,,
first,adj./adv.,1200,no,,
fish,v./n.,1200,no,,
fisherman,n.,1200,no,,
fit,adj./v.,800,no,,
five,adj./n.,1200,no,,
fix,v./n.,1200,no,,
flag,v./n.,800,no,,
flashlight,n.,800,no,,
flat tire,n.,800,no,,
flight,n.,800,no,,
floor,v./n.,1200,no,,
flour,v./n.,800,no,,
flower,v./n.,1200,no,,
flu,n.,800,no,,
flute,v./n.,800,no,,
fly,v./n.,1200,no,,
focus,v./n.,800,no,,
fog,v./n.,800,no,,
foggy,adj.,800,no,,
follow,v.,1200,no,,
food,n.,1200,no,,
fool,v./n.,1200,no,,
foolish,adj.,800,no,,
foot,v./n.,1200,no,,
football,n.,800,no,,
for,prep./conj.,1200,no,,
foreign,adj.,1200,no,,
foreigner,n.,1200,no,,
forest,n.,800,no,,
forget,v.,1200,no,,
forgive,v.,800,no,,
fork,v./n.,1200,no,,
form,v./n.,800,no,,
formal,adj.,800,no,,
former,adj.,800,no,,
forty,adj./n.,1200,no,,
forward,adj./v.,800,no,,
four,adj./n.,1200,no,,
fourteen,adj./n.,1200,no,,
fox,n.,1200,no,,
frank,adj.,800,no,,
free,adj./v.,1200,no,,
freedom,n.,800,no,,
freezer,n.,800,no,,
freezing,adj./n.,800,no,,
French fries,n.,1200,no,,
fresh,adj.,1200,no,,
Friday,n.,1200,no,,
fridge,n.,1200,no,,
friend,n.,1200,yes,01,第一週確認已掌握；不計入正式核心單字額度
friendly,adj.,1200,no,,
friendship,n.,800,no,,
fries,n.,1200,no,,
frighten,v.,800,no,,
frisbee,n.,800,no,,
frog,n.,1200,no,,
from,prep.,1200,no,,
front,adj./v.,1200,no,,
fruit,v./n.,1200,no,,
fry,v./n.,1200,no,,
full,adj.,1200,no,,
fun,adj./n.,1200,yes,01,第一週確認已掌握；不計入正式核心單字額度
funny,adj.,1200,no,,
furniture,n.,800,no,,
future,adj./n.,1200,no,,
gain,v./n.,800,no,,
game,n.,1200,yes,01,第一週確認已掌握；不計入正式核心單字額度
garage,v./n.,800,no,,
garbage,n.,1200,no,,
garden,v./n.,1200,no,,
gas,v./n.,1200,no,,
gate,n.,1200,no,,
gather,v.,800,no,,
general,adj./n.,800,no,,
generous,adj.,800,no,,
genius,n.,800,no,,
gentle,adj.,800,no,,
gentleman,n.,800,no,,
geography,n.,800,no,,
gesture,v./n.,800,no,,
get,v.,1200,no,,
ghost,n.,1200,no,,
giant,adj./n.,1200,no,,
gift,n.,1200,no,,
girl,n.,1200,no,,
give,v.,1200,no,,
glad,adj.,1200,no,,
glass,n.,1200,no,,
glasses,n.,1200,no,,
glove,n.,1200,no,,
glue,v./n.,1200,no,,
go,v./n.,1200,no,,
goal,n.,800,no,,
goat,n.,1200,no,,
god,n.,1200,no,,
gold,adj./n.,800,no,,
golden,adj.,800,no,,
golf,v./n.,800,no,,
good,adj./adv.,1200,no,,
goodbye,int./n.,1200,no,,
good-bye,int./n.,1200,no,,
goodness,int./n.,800,no,,
goose,n.,1200,no,,
government,n.,800,no,,
grade,v./n.,1200,no,,
gram,n.,1200,no,,
granddaughter,n.,800,no,,
grandfather,n.,1200,no,,
grandma,n.,1200,no,,
grandmother,n.,1200,no,,
grandpa,n.,1200,no,,
grandson,n.,800,no,,
grape,n.,1200,no,,
grass,n.,1200,no,,
gray,adj./v.,1200,no,,
great,adj./n.,1200,no,,
greedy,adj.,800,no,,
green,adj./v.,1200,no,,
greet,v.,800,no,,
ground,v./n.,1200,no,,
group,v./n.,1200,no,,
grow,v.,1200,no,,
guard,v./n.,800,no,,
guava,n.,1200,no,,
guess,v./n.,1200,no,,
guest,v./n.,800,no,,
guide,v./n.,800,no,,
guitar,n.,1200,no,,
gun,v./n.,800,no,,
guy,n.,1200,no,,
gym,n.,1200,no,,
habit,n.,1200,no,,
hadn't,v.,1200,no,,
hair,n.,1200,no,,
haircut,n.,800,no,,
half,adj./adv.,1200,no,,
hall,n.,800,no,,
Halloween,n.,1200,no,,
ham,n.,1200,no,,
hamburger,n.,1200,no,,
hammer,v./n.,800,no,,
hand,v./n.,1200,no,,
handkerchief,n.,800,no,,
handle,v./n.,800,no,,
handsome,adj.,1200,no,,
hang,v.,1200,no,,
hanger,n.,800,no,,
happen,v.,1200,no,,
happy,adj.,1200,no,,
hard,adj./adv.,1200,no,,
hardly,adv.,800,no,,
hard-working,adj.,1200,no,,
hasn't,v.,1200,no,,
hat,n.,1200,no,,
hate,v./n.,1200,no,,
have,v.,1200,no,,
haven't,v.,1200,no,,
he,pron.,1200,no,,
head,v./n.,1200,no,,
headache,n.,1200,no,,
health,n.,1200,no,,
healthy,adj.,1200,no,,
hear,v.,1200,no,,
heart,n.,1200,no,,
heat,v./n.,1200,no,,
heater,n.,800,no,,
heavy,adj.,1200,no,,
he'd,v.,1200,no,,
height,n.,1200,no,,
helicopter,n.,800,no,,
he'll,v.,1200,no,,
hello,int./n.,1200,no,,
help,v./n.,1200,no,,
helpful,adj.,1200,no,,
hen,n.,1200,no,,
her,pron.,1200,no,,
here,adv./n.,1200,no,,
hero,n.,800,no,,
hers,pron.,1200,no,,
herself,pron.,1200,no,,
he's,v.,1200,no,,
hey,int.,1200,no,,
hi,int.,1200,no,,
hide,v.,1200,no,,
high,adj./adv.,1200,no,,
highway,n.,800,no,,
hike,v./n.,1200,no,,
hill,n.,1200,no,,
him,pron.,1200,no,,
himself,pron.,1200,no,,
hip,n.,800,no,,
hippo,n.,800,no,,
hire,v./n.,800,no,,
his,pron.,1200,no,,
history,n.,1200,no,,
hit,v./n.,1200,no,,
hobby,n.,1200,no,,
hold,v./n.,1200,no,,
hole,v./n.,800,no,,
holiday,n.,1200,no,,
home,adj./v.,1200,no,,
homesick,adj.,800,no,,
homework,n.,1200,no,,
honest,adj.,1200,no,,
honesty,n.,800,no,,
honey,n.,1200,no,,
hop,v./n.,800,no,,
hope,v./n.,1200,no,,
horrible,adj.,800,no,,
horse,n.,1200,no,,
hospital,n.,1200,no,,
host,v./n.,800,no,,
hot,adj.,1200,no,,
hot dog,n.,1200,no,,
hotel,n.,1200,no,,
hour,n.,1200,no,,
house,v./n.,1200,no,,
housewife,n.,1200,no,,
housework,n.,800,no,,
how,adv./conj.,1200,no,,
however,adv./conj.,1200,no,,
how's,v.,1200,no,,
hug,v./n.,800,no,,
human,adj./n.,800,no,,
humble,adj./v.,800,no,,
humid,adj.,800,no,,
humor,n.,800,no,,
humorous,adj.,800,no,,
hundred,adj./n.,1200,no,,
hunger,n.,800,no,,
hungry,adj.,1200,no,,
hunt,v./n.,1200,no,,
hunter,n.,800,no,,
hurry,v./n.,1200,no,,
hurt,v./n.,1200,no,,
husband,n.,1200,no,,
I,pron.,1200,no,,
ice,n.,1200,no,,
ice cream,n.,1200,no,,
I'd,v.,1200,no,,
idea,n.,1200,no,,
if,conj.,1200,no,,
ignore,v.,800,no,,
ill,adj./adv.,800,no,,
I'll,v.,1200,no,,
I'm,v.,1200,no,,
imagine,v.,800,no,,
impolite,adj.,800,no,,
importance,n.,800,no,,
important,adj.,1200,no,,
impossible,adj.,800,no,,
improve,v.,800,yes,02,第二週核心單字
in,adj./adv.,1200,no,,
inch,v./n.,1200,no,,
include,v.,800,no,,
income,n.,800,no,,
increase,v./n.,800,no,,
independent,adj.,800,no,,
indicate,v.,800,no,,
influence,v./n.,800,no,,
information,n.,800,no,,
ink,v./n.,800,no,,
insect,n.,1200,no,,
inside,adj./adv.,1200,no,,
insist,v.,800,no,,
inspire,v.,800,no,,
instant,adj./n.,800,no,,
instrument,n.,800,no,,
intelligent,adj.,800,no,,
interest,v./n.,1200,no,,
interested,adj.,1200,no,,
interesting,adj.,1200,no,,
international,adj.,800,no,,
Internet,n.,1200,no,,
interrupt,v.,800,no,,
interview,v./n.,1200,no,,
into,prep.,1200,no,,
introduce,v.,800,no,,
invent,v.,800,no,,
invitation,n.,800,no,,
invite,v.,1200,no,,
iron,adj./v.,800,no,,
is,v.,1200,no,,
island,n.,1200,no,,
isn't,v.,1200,no,,
it,pron.,1200,no,,
item,n.,1200,no,,
it'll,v.,1200,no,,
its,pron.,1200,no,,
it's,v.,1200,no,,
itself,pron.,1200,no,,
I've,v.,1200,no,,
jacket,n.,1200,no,,
jam,v./n.,800,no,,
January,n.,1200,no,,
jazz,v./n.,800,no,,
jealous,adj.,800,no,,
jeans,n.,1200,no,,
jeep,n.,800,no,,
job,n.,1200,no,,
jog,v./n.,1200,no,,
join,v./n.,1200,no,,
joke,v./n.,1200,no,,
journalist,n.,800,no,,
joy,n.,1200,no,,
judge,v./n.,800,no,,
juice,n.,1200,no,,
July,n.,1200,no,,
jump,v./n.,1200,no,,
June,n.,1200,no,,
junior high school,n.,1200,no,,
just,adj./adv.,1200,no,,
kangaroo,n.,800,no,,
keep,v./n.,1200,no,,
ketchup,n.,800,no,,
key,adj./v.,1200,no,,
kick,v./n.,1200,no,,
kid,v./n.,1200,no,,
kill,v./n.,1200,no,,
kilogram,n.,1200,no,,
kilometer,n.,800,no,,
kind,adj./n.,1200,no,,
kindergarten,n.,800,no,,
king,n.,1200,no,,
kingdom,n.,800,no,,
kiss,v./n.,1200,no,,
kitchen,n.,1200,no,,
kite,n.,1200,no,,
kitten,n.,800,no,,
knee,v./n.,1200,no,,
knife,v./n.,1200,no,,
knock,v./n.,1200,no,,
know,v.,1200,no,,
knowledge,n.,1200,no,,
koala,n.,800,no,,
lack,v./n.,800,no,,
lady,n.,800,no,,
lake,n.,1200,no,,
lamb,v./n.,800,no,,
lamp,n.,1200,no,,
land,v./n.,1200,no,,
language,n.,1200,no,,
lantern,n.,800,no,,
large,adj.,1200,no,,
last,adj./v.,1200,no,,
late,adj./adv.,1200,no,,
later,adv.,1200,no,,
latest,adj.,800,no,,
latter,adj.,800,no,,
laugh,v./n.,1200,no,,
law,n.,800,no,,
lawyer,n.,1200,no,,
lay,v.,800,no,,
lazy,adj.,1200,no,,
lead,v./n.,1200,no,,
leader,n.,1200,no,,
leaf,v./n.,800,no,,
learn,v.,1200,no,,
least,adj./adv.,1200,no,,
leave,v./n.,1200,no,,
left,adj./adv.,1200,no,,
leg,n.,1200,no,,
lemon,n.,1200,no,,
lend,v.,1200,no,,
less,adj./adv.,1200,no,,
lesson,n.,1200,no,,
let,v.,1200,no,,
let's,v.,1200,no,,
letter,n.,1200,no,,
lettuce,n.,800,no,,
level,adj./n.,1200,no,,
library,n.,1200,no,,
lick,v./n.,800,no,,
lid,n.,800,no,,
lie,v./n.,1200,no,,
life,n.,1200,no,,
lift,v./n.,800,no,,
light,adj./v.,1200,no,,
lightning,n.,800,no,,
like,v./prep.,1200,yes,01,第一週確認已掌握；不計入正式核心單字額度
likely,adj./adv.,800,no,,
limit,v./n.,800,no,,
line,v./n.,1200,no,,
link,v./n.,800,no,,
lion,n.,1200,no,,
lip,n.,1200,no,,
liquid,n.,800,no,,
list,v./n.,1200,no,,
listen,v.,1200,no,,
liter,n.,800,no,,
little,adj./adv.,1200,no,,
live,adj./v.,1200,no,,
living room,n.,1200,no,,
loaf,n.,800,no,,
local,adj./n.,800,no,,
lock,v./n.,800,no,,
locker,n.,800,no,,
lonely,adj.,1200,no,,
long,adj./v.,1200,no,,
look,v./n.,1200,no,,
lose,v.,1200,no,,
loser,n.,800,no,,
loud,adj./adv.,1200,no,,
love,v./n.,1200,no,,
lovely,adj.,1200,no,,
low,adj./adv.,1200,no,,
lucky,adj.,1200,no,,
lunch,v./n.,1200,no,,
ma'am,n.,800,no,,
machine,v./n.,1200,no,,
mad,adj.,1200,no,,
magazine,n.,800,no,,
magic,adj./n.,1200,no,,
magician,n.,800,no,,
mail,v./n.,1200,no,,
mailman,n.,1200,no,,
main,adj./n.,1200,no,,
major,adj./v.,800,no,,
make,v.,1200,no,,
male,adj./n.,800,no,,
mall,n.,800,no,,
man,v./n.,1200,no,,
manager,n.,800,no,,
mango,n.,800,no,,
manner,n.,800,no,,
many,adj./pron.,1200,no,,
map,v./n.,1200,no,,
march,n.,1200,no,,
mark,v./n.,1200,no,,
marker,n.,1200,no,,
market,v./n.,1200,no,,
married,adj.,1200,no,,
marry,v.,800,no,,
marvelous,adj.,800,no,,
mask,v./n.,1200,no,,
mass,adj./n.,800,no,,
master,v./n.,800,no,,
mat,n.,800,no,,
match,v./n.,800,no,,
math,n.,1200,no,,
mathematics,n.,1200,no,,
matter,v./n.,1200,no,,
maximum,adj./n.,800,no,,
may,v./n.,1200,no,,
maybe,adv.,1200,no,,
me,pron.,1200,no,,
meal,n.,1200,no,,
mean,adj./v.,1200,no,,
meaning,n.,800,no,,
measure,v./n.,800,no,,
meat,n.,1200,no,,
mechanic,n.,800,no,,
medicine,n.,1200,no,,
medium,adj./n.,1200,no,,
meet,v./n.,1200,no,,
meeting,n.,1200,no,,
member,n.,1200,no,,
memory,n.,800,no,,
men's room,n.,800,no,,
menu,n.,1200,no,,
message,n.,800,no,,
metal,adj./n.,800,no,,
meter,v./n.,800,no,,
method,n.,800,no,,
metro,n.,1200,no,,
microwave,v./n.,800,no,,
middle,adj./v.,1200,no,,
midnight,adj./n.,800,no,,
might,v./n.,1200,no,,
mightn't,v.,1200,no,,
mile,n.,1200,no,,
milk,v./n.,1200,no,,
million,n.,1200,no,,
mind,v./n.,1200,no,,
mine,v./n.,1200,no,,
minor,adj./v.,800,no,,
minus,adj./prep.,800,no,,
minute,adj./n.,1200,no,,
mirror,v./n.,800,no,,
miss,v./n.,1200,no,,
mistake,v./n.,1200,no,,
mix,v./n.,800,no,,
model,v./n.,800,no,,
modern,adj.,1200,no,,
mom,n.,1200,no,,
moment,n.,1200,no,,
mommy,n.,1200,no,,
Monday,n.,1200,no,,
money,n.,1200,no,,
monkey,n.,1200,no,,
monster,n.,800,no,,
month,n.,1200,no,,
moon,n.,1200,no,,
mop,v./n.,1200,no,,
more,adj./adv.,1200,no,,
morning,n.,1200,no,,
mosquito,n.,800,no,,
most,adj./adv.,1200,no,,
mother,v./n.,1200,no,,
motion,v./n.,800,no,,
motorcycle,n.,1200,no,,
mountain,n.,1200,no,,
mouse,n.,1200,no,,
mouth,v./n.,1200,no,,
move,v./n.,1200,no,,
movement,n.,800,no,,
movie,n.,1200,no,,
Mr.,n.,1200,no,,
Mrs.,n.,1200,no,,
MRT,n.,800,no,,
Ms.,n.,1200,no,,
much,adj./adv.,1200,no,,
mud,n.,1200,no,,
museum,n.,1200,no,,
music,n.,1200,no,,
musician,n.,800,no,,
must,v./n.,1200,no,,
mustn't,v.,1200,no,,
my,pron.,1200,no,,
myself,pron.,1200,no,,
nail,v./n.,1200,no,,
name,v./n.,1200,no,,
napkin,n.,800,no,,
narrow,adj./v.,800,no,,
nation,n.,800,no,,
national,adj.,1200,no,,
natural,adj.,800,no,,
nature,n.,1200,no,,
naughty,adj.,800,no,,
near,adj./v.,1200,no,,
nearly,adv.,800,no,,
necessary,adj.,800,no,,
neck,v./n.,1200,no,,
necklace,n.,800,no,,
need,v./n.,1200,no,,
needle,v./n.,800,no,,
negative,adj./n.,800,no,,
neighbor,v./n.,1200,no,,
neither,adj./adv.,800,no,,
nephew,n.,800,no,,
nervous,adj.,800,no,,
nest,v./n.,800,no,,
net,adj./v.,800,no,,
never,adv.,1200,no,,
new,adj.,1200,yes,01,第一週確認已掌握；不計入正式核心單字額度
news,n.,1200,no,,
newspaper,n.,1200,no,,
next,adj./adv.,1200,no,,
nice,adj.,1200,no,,
nice-looking,adj.,800,no,,
niece,n.,800,no,,
night,n.,1200,no,,
nine,adj./n.,1200,no,,
nineteen,adj./n.,1200,no,,
ninety,adj./n.,1200,no,,
no,adj./adv.,1200,no,,
nobody,n./pron.,1200,no,,
nobody's,v.,1200,no,,
nod,v./n.,800,no,,
noise,n.,1200,no,,
noisy,adj.,1200,no,,
none,adv./pron.,800,no,,
noodle,n.,1200,no,,
noon,n.,1200,no,,
nor,conj.,800,no,,
north,adj./adv.,1200,no,,
nose,v./n.,1200,no,,
not,adv.,1200,no,,
note,v./n.,1200,no,,
notebook,n.,1200,no,,
nothing,n./pron.,1200,no,,
notice,v./n.,1200,no,,
novel,adj./n.,800,no,,
November,n.,1200,no,,
now,adv./n.,1200,no,,
number,v./n.,1200,no,,
nurse,v./n.,1200,no,,
nut,n.,800,no,,
obey,v.,800,no,,
object,v./n.,800,no,,
ocean,n.,800,no,,
o'clock,adv./n.,1200,no,,
October,n.,1200,no,,
of,prep.,1200,no,,
off,adj./adv.,1200,no,,
offer,v./n.,800,no,,
office,n.,1200,no,,
officer,n.,1200,no,,
often,adv.,1200,no,,
oil,v./n.,1200,no,,
OK,adj./v.,1200,no,,
old,adj.,1200,no,,
omit,v.,800,no,,
on,adv./prep.,1200,no,,
once,adv./conj.,1200,no,,
one,adj./n.,1200,no,,
oneself,pron.,800,no,,
onion,n.,800,no,,
only,adj./adv.,1200,no,,
open,adj./v.,1200,no,,
operation,n.,800,no,,
opinion,n.,800,no,,
or,conj.,1200,no,,
orange,adj./n.,1200,no,,
order,v./n.,1200,no,,
ordinary,adj.,800,no,,
other,adj./pron.,1200,no,,
our,pron.,1200,no,,
ours,pron.,1200,no,,
ourselves,pron.,1200,no,,
out,adj./v.,1200,no,,
outside,adj./adv.,1200,no,,
oven,n.,800,no,,
over,adj./adv.,1200,no,,
overpass,n.,800,no,,
overseas,adj./adv.,800,no,,
own,adj./v.,1200,no,,
owner,n.,800,no,,
ox,n.,800,no,,
p.m.,adv.,1200,no,,
pack,v./n.,1200,no,,
package,v./n.,1200,no,,
page,n.,1200,no,,
pain,v./n.,800,no,,
painful,adj.,800,no,,
paint,v./n.,1200,no,,
painter,n.,800,no,,
pair,v./n.,1200,no,,
pajamas,n.,800,no,,
pale,adj.,800,no,,
pan,n.,800,no,,
panda,n.,800,no,,
pants,n.,1200,no,,
papaya,n.,1200,no,,
paper,v./n.,1200,no,,
pardon,v./n.,800,no,,
parent,n.,1200,no,,
park,v./n.,1200,no,,
parking lot,n.,800,no,,
parrot,v./n.,800,no,,
part,v./n.,1200,no,,
partner,n.,800,no,,
party,v./n.,1200,no,,
pass,v./n.,1200,no,,
passenger,n.,800,no,,
past,adj./adv.,1200,no,,
paste,v./n.,1200,no,,
path,n.,800,no,,
patient,adj./n.,800,no,,
pattern,v./n.,800,no,,
pause,v./n.,800,no,,
pay,v./n.,1200,no,,
PE,n.,1200,no,,
peace,n.,800,no,,
peaceful,adj.,800,no,,
peach,n.,1200,no,,
pear,n.,1200,no,,
pen,v./n.,1200,no,,
pencil,v./n.,1200,no,,
people,v./n.,1200,no,,
pepper,v./n.,800,no,,
perfect,adj./v.,800,no,,
perhaps,adv.,1200,no,,
period,n.,800,no,,
person,n.,1200,no,,
personal,adj.,800,no,,
pet,v./n.,1200,no,,
phone,v./n.,1200,no,,
photo,v./n.,1200,no,,
physical education,n.,1200,no,,
physics,n.,800,no,,
piano,n.,1200,no,,
pick,v./n.,1200,no,,
picnic,v./n.,1200,no,,
picture,v./n.,1200,no,,
pie,n.,1200,no,,
piece,v./n.,1200,no,,
pig,v./n.,1200,no,,
pigeon,n.,800,no,,
pile,v./n.,800,no,,
pillow,v./n.,800,no,,
pin,v./n.,1200,no,,
pineapple,n.,800,no,,
pink,adj./n.,1200,no,,
pipe,v./n.,1200,no,,
pizza,n.,1200,no,,
place,v./n.,1200,no,,
plain,adj./adv.,800,no,,
plan,v./n.,1200,no,,
plane,n.,1200,no,,
planet,n.,1200,no,,
plant,v./n.,1200,no,,
plate,v./n.,1200,no,,
platform,n.,800,no,,
play,v./n.,1200,yes,01,第一週確認已掌握；不計入正式核心單字額度
player,n.,1200,yes,02,第二週核心單字
playground,n.,1200,no,,
pleasant,adj.,800,no,,
please,v./adv.,1200,no,,
pleased,adj.,800,no,,
pleasure,n.,1200,no,,
plus,adj./prep.,800,no,,
pocket,adj./v.,1200,no,,
poem,n.,800,no,,
point,v./n.,1200,no,,
poison,v./n.,800,no,,
police,v./n.,1200,no,,
polite,adj.,1200,no,,
pollute,v.,800,no,,
pollution,n.,800,no,,
pond,n.,1200,no,,
pool,v./n.,1200,no,,
poor,adj.,1200,no,,
pop,adj./v.,1200,no,,
pop music,n.,800,no,,
popcorn,n.,1200,no,,
popular,adj.,1200,yes,02,第二週核心單字
population,n.,800,no,,
pork,n.,1200,no,,
position,v./n.,800,no,,
positive,adj./n.,800,no,,
possible,adj.,1200,no,,
post office,n.,1200,no,,
postcard,n.,1200,no,,
pot,v./n.,1200,no,,
potato,n.,800,no,,
pound,v./n.,1200,no,,
powder,v./n.,800,no,,
power,v./n.,1200,no,,
practice,v./n.,1200,no,,
praise,v./n.,800,no,,
pray,v.,1200,no,,
precious,adj.,800,no,,
prepare,v.,1200,no,,
present,adj./v.,1200,no,,
president,n.,800,no,,
pressure,v./n.,800,no,,
pretty,adj./adv.,1200,no,,
price,v./n.,1200,no,,
priest,n.,800,no,,
primary,adj./n.,800,no,,
prince,n.,800,no,,
princess,n.,800,no,,
principal,adj./n.,800,no,,
principle,n.,800,no,,
print,v./n.,800,no,,
printer,n.,800,no,,
private,adj.,800,no,,
prize,v./n.,1200,no,,
probably,adv.,1200,no,,
problem,n.,1200,no,,
produce,v./n.,800,no,,
production,n.,800,no,,
professor,n.,800,no,,
program,v./n.,1200,yes,02,第二週核心單字
progress,v./n.,800,no,,
project,v./n.,800,yes,02,第二週核心單字
promise,v./n.,800,no,,
pronounce,v.,800,no,,
protect,v.,800,no,,
proud,adj.,1200,no,,
provide,v.,800,no,,
public,adj./n.,1200,no,,
pull,v./n.,1200,no,,
pump,v./n.,800,no,,
pumpkin,n.,1200,no,,
punish,v.,800,no,,
puppy,n.,1200,no,,
purple,adj./n.,1200,no,,
purpose,n.,800,no,,
purse,n.,800,no,,
push,v./n.,1200,no,,
put,v.,1200,no,,
puzzle,v./n.,800,no,,
quarter,v./n.,1200,no,,
queen,n.,1200,no,,
question,v./n.,1200,no,,
quick,adj./adv.,1200,no,,
quiet,adj./v.,1200,no,,
quit,v.,800,no,,
quite,adv.,1200,no,,
quiz,v./n.,1200,no,,
R.O.C.,n.,1200,no,,
rabbit,n.,1200,no,,
race,v./n.,1200,no,,
radio,v./n.,1200,no,,
railroad,n.,800,no,,
railway,n.,800,no,,
rain,v./n.,1200,no,,
rainbow,n.,1200,no,,
raincoat,n.,800,no,,
rainy,adj.,1200,no,,
raise,v./n.,1200,no,,
rare,adj.,800,no,,
rat,n.,1200,no,,
rather,adv.,800,no,,
reach,v./n.,1200,no,,
read,v.,1200,no,,
ready,adj./v.,1200,no,,
real,adj.,1200,no,,
realize,v.,800,no,,
really,adv.,1200,no,,
reason,v./n.,1200,no,,
receive,v.,800,no,,
record,v./n.,800,no,,
recover,v.,800,no,,
rectangle,n.,800,no,,
recycle,v.,800,no,,
red,adj./n.,1200,no,,
refrigerator,n.,1200,no,,
refuse,v./n.,800,no,,
regret,v./n.,800,no,,
regular,adj./n.,800,no,,
reject,v.,800,no,,
relative,adj./n.,1200,no,,
remember,v.,1200,no,,
remind,v.,800,no,,
rent,v./n.,800,no,,
repair,v./n.,800,no,,
repeat,v./n.,1200,no,,
report,v./n.,1200,no,,
reporter,n.,1200,no,,
respect,v./n.,800,no,,
responsible,adj.,800,no,,
rest,v./n.,1200,no,,
restaurant,n.,1200,no,,
restroom,n.,1200,no,,
result,v./n.,800,no,,
return,v./n.,800,no,,
review,v./n.,800,no,,
revise,v.,800,no,,
rice,n.,1200,no,,
rich,adj./n.,1200,no,,
ride,v./n.,1200,no,,
right,adj./adv.,1200,no,,
ring,v./n.,1200,no,,
rise,v./n.,1200,no,,
river,n.,1200,no,,
road,n.,1200,no,,
rob,v.,800,no,,
robot,n.,1200,no,,
ROC,n.,1200,no,,
rock,v./n.,1200,no,,
role,n.,800,no,,
roll,v./n.,1200,no,,
roller,n.,800,no,,
roof,v./n.,800,no,,
room,v./n.,1200,no,,
root,v./n.,1200,no,,
rope,v./n.,1200,no,,
rose,n.,1200,no,,
round,adj./v.,1200,no,,
row,v./n.,1200,no,,
rub,v./n.,800,no,,
rubber,adj./n.,800,no,,
rude,adj.,800,no,,
ruin,v./n.,800,no,,
rule,v./n.,1200,no,,
ruler,n.,1200,no,,
run,v./n.,1200,no,,
rush,v./n.,800,no,,
sad,adj.,1200,no,,
safe,adj./n.,1200,no,,
safety,n.,800,no,,
sail,v./n.,1200,no,,
sailor,n.,800,no,,
salad,n.,1200,no,,
sale,n.,1200,no,,
salesman,n.,1200,no,,
salt,adj./v.,1200,no,,
same,adj./adv.,1200,no,,
sample,v./n.,800,no,,
sand,v./n.,800,no,,
sandwich,v./n.,1200,no,,
satisfy,v.,800,no,,
Saturday,n.,1200,no,,
saucer,n.,800,no,,
save,v.,1200,no,,
say,v.,1200,no,,
scared,adj.,1200,no,,
scarf,n.,800,no,,
scene,n.,800,no,,
scenery,n.,800,no,,
school,v./n.,1200,no,,
science,n.,1200,no,,
scientist,n.,800,no,,
scooter,n.,1200,no,,
score,v./n.,800,no,,
screen,n.,1200,no,,
sea,n.,1200,no,,
seafood,n.,800,no,,
search,v./n.,800,no,,
season,v./n.,1200,no,,
seat,v./n.,1200,no,,
second,adj./adv.,1200,no,,
secondary,adj.,800,no,,
secret,adj./n.,800,no,,
secretary,n.,1200,no,,
section,v./n.,800,no,,
see,v.,1200,no,,
seed,v./n.,1200,no,,
seek,v.,800,no,,
seem,v.,800,no,,
seesaw,v./n.,1200,no,,
seldom,adv.,1200,no,,
select,adj./v.,800,no,,
selfish,adj.,800,no,,
sell,v.,1200,no,,
semester,n.,800,no,,
send,v.,1200,no,,
senior high school,n.,1200,no,,
sense,v./n.,800,no,,
sentence,v./n.,1200,no,,
September,n.,1200,no,,
serious,adj.,1200,no,,
servant,n.,800,no,,
serve,v.,800,no,,
service,v./n.,1200,no,,
set,adj./v.,1200,no,,
seven,adj./n.,1200,no,,
seventeen,adj./n.,1200,no,,
seventy,adj./n.,1200,no,,
several,adj./pron.,1200,no,,
shake,v./n.,1200,no,,
shall,v.,800,no,,
shape,v./n.,1200,no,,
share,v./n.,1200,yes,02,第二週核心單字
shark,n.,800,no,,
sharp,adj./adv.,1200,no,,
she,pron.,1200,no,,
she'd,v.,1200,no,,
sheep,n.,1200,no,,
sheet,n.,800,no,,
shelf,n.,800,no,,
she'll,v.,1200,no,,
she's,v.,1200,no,,
shine,v./n.,1200,no,,
ship,v./n.,1200,no,,
shirt,n.,1200,no,,
shoe,n.,1200,no,,
shoot,v./n.,800,no,,
shop,v./n.,1200,no,,
shopkeeper,n.,1200,no,,
shore,n.,800,no,,
short,adj.,1200,no,,
shorts,n.,1200,no,,
should,v.,1200,no,,
shoulder,v./n.,1200,no,,
shouldn't,v.,1200,no,,
shout,v./n.,1200,no,,
show,v./n.,1200,no,,
shower,v./n.,1200,no,,
shrimp,n.,800,no,,
shut,adj./v.,800,no,,
shy,adj.,1200,no,,
sick,adj.,1200,no,,
side,adj./n.,1200,no,,
sidewalk,n.,1200,no,,
sight,v./n.,1200,no,,
sign,v./n.,1200,no,,
silence,v./n.,800,no,,
silent,adj.,800,no,,
silly,adj.,800,no,,
silver,adj./n.,800,no,,
similar,adj.,800,no,,
simple,adj.,1200,yes,02,第二週核心單字
since,adv./prep.,1200,no,,
sincere,adj.,800,no,,
sing,v.,1200,no,,
singer,n.,1200,no,,
single,adj./v.,800,no,,
sink,v./n.,800,no,,
sir,n.,1200,no,,
sister,n.,1200,no,,
sit,v.,1200,no,,
six,adj./n.,1200,no,,
sixteen,adj./n.,1200,no,,
sixty,adj./n.,1200,no,,
size,v./n.,1200,no,,
skate,v./n.,800,no,,
ski,v./n.,800,no,,
skill,n.,800,no,,
skillful,adj.,800,no,,
skin,v./n.,800,no,,
skinny,adj.,800,no,,
skirt,v./n.,1200,no,,
sky,n.,1200,no,,
sleep,v./n.,1200,no,,
sleepy,adj.,800,no,,
slender,adj.,800,no,,
slice,v./n.,800,no,,
slide,v./n.,1200,no,,
slim,adj./v.,1200,no,,
slippers,n.,800,no,,
slow,adj./v.,1200,no,,
small,adj./adv.,1200,no,,
smart,adj.,1200,no,,
smell,v./n.,1200,no,,
smile,v./n.,1200,no,,
smoke,v./n.,1200,no,,
snack,v./n.,1200,no,,
snail,n.,800,no,,
snake,v./n.,1200,no,,
sneakers,n.,800,no,,
sneaky,adj.,800,no,,
snow,v./n.,1200,no,,
snowman,n.,800,no,,
snowy,adj.,1200,no,,
so,adv./conj.,1200,no,,
soap,v./n.,800,no,,
soccer,n.,1200,no,,
social,adj.,800,no,,
society,n.,800,no,,
socks,n.,1200,no,,
soda,n.,800,no,,
sofa,n.,1200,no,,
soft drink,n.,800,no,,
softball,n.,800,no,,
soldier,n.,1200,no,,
solve,v.,800,no,,
some,adj./pron.,1200,no,,
somebody,n./pron.,1200,no,,
somebody's,v.,1200,no,,
someone,n./pron.,1200,no,,
something,n./pron.,1200,no,,
sometimes,adv.,1200,no,,
somewhere,adv.,1200,no,,
son,n.,1200,no,,
song,n.,1200,no,,
soon,adv.,1200,no,,
sore,adj./n.,1200,no,,
sorry,adj./int.,1200,no,,
soul,n.,800,no,,
sound,adj./v.,1200,no,,
soup,n.,1200,no,,
sour,adj./v.,800,no,,
south,adj./adv.,1200,no,,
soy-sauce,n.,800,no,,
space,v./n.,1200,no,,
spaghetti,n.,800,no,,
speak,v.,1200,no,,
speaker,n.,800,no,,
special,adj./n.,1200,no,,
speech,n.,800,no,,
speed,v./n.,800,no,,
spell,v./n.,1200,no,,
spend,v.,1200,no,,
spider,n.,1200,no,,
spirit,n.,800,no,,
spoon,v./n.,1200,no,,
sports,adj.,1200,no,,
spot,v./n.,800,no,,
spread,v./n.,800,no,,
spring,v./n.,1200,no,,
square,adj./n.,1200,no,,
stairs,n.,1200,no,,
stamp,v./n.,1200,no,,
stand,v./n.,1200,no,,
star,v./n.,1200,no,,
start,v./n.,1200,no,,
state,adj./v.,800,no,,
station,v./n.,1200,no,,
stationery,n.,800,no,,
stay,v./n.,1200,no,,
steak,n.,1200,no,,
steal,v.,800,no,,
steam,v./n.,800,no,,
step,v./n.,800,no,,
still,adj./v.,1200,no,,
stingy,adj.,800,no,,
stomach,n.,1200,no,,
stomachache,n.,800,no,,
stone,v./n.,800,no,,
stop,v./n.,1200,no,,
store,v./n.,1200,no,,
storm,v./n.,800,no,,
stormy,adj.,800,no,,
story,n.,1200,no,,
stove,n.,800,no,,
straight,adj./adv.,1200,no,,
strange,adj.,1200,no,,
stranger,n.,1200,no,,
straw,n.,800,no,,
strawberry,n.,1200,no,,
stream,v./n.,800,no,,
street,n.,1200,no,,
strike,v./n.,800,no,,
string,v./n.,1200,no,,
strong,adj.,1200,no,,
student,n.,1200,yes,01,第一週確認已掌握；不計入正式核心單字額度
study,v./n.,1200,no,,
stupid,adj.,1200,no,,
style,v./n.,800,no,,
subject,adj./v.,1200,no,,
subway,n.,800,no,,
succeed,v.,800,no,,
success,n.,800,no,,
successful,adj.,1200,no,,
such,adj./pron.,800,no,,
sudden,adj./n.,800,no,,
sugar,v./n.,1200,no,,
suggest,v.,800,yes,02,第二週核心單字
suit,v./n.,800,no,,
summer,n.,1200,no,,
sun,v./n.,1200,no,,
Sunday,n.,1200,no,,
sunny,adj.,1200,no,,
super,adj./adv.,800,no,,
supermarket,n.,1200,no,,
supper,n.,800,no,,
support,v./n.,800,no,,
sure,adj./adv.,1200,no,,
surf,v./n.,1200,no,,
surprise,v./n.,1200,no,,
surprised,adj.,1200,no,,
survive,v.,800,no,,
swallow,v./n.,800,no,,
swan,n.,800,no,,
sweater,n.,1200,no,,
sweep,v./n.,800,no,,
sweet,adj./n.,1200,no,,
swim,v./n.,1200,no,,
swimsuit,n.,800,no,,
swing,v./n.,1200,no,,
symbol,n.,800,no,,
system,n.,800,no,,
table,n.,1200,no,,
table tennis,n.,800,no,,
tail,v./n.,1200,no,,
Taiwan,n.,1200,no,,
take,v.,1200,no,,
talent,n.,800,no,,
talk,v./n.,1200,no,,
talkative,adj.,800,no,,
tall,adj.,1200,no,,
tangerine,n.,800,no,,
tank,n.,800,no,,
tape,v./n.,1200,no,,
taste,v./n.,1200,no,,
taxi,n.,1200,no,,
tea,n.,1200,no,,
teach,v.,1200,no,,
teacher,n.,1200,no,,
team,v./n.,1200,no,,
teapot,n.,800,no,,
tear,v./n.,800,no,,
teenager,n.,1200,no,,
telephone,v./n.,1200,no,,
television,n.,1200,no,,
tell,v.,1200,no,,
temperature,n.,800,no,,
temple,n.,1200,no,,
ten,adj./n.,1200,no,,
tennis,n.,1200,no,,
tent,n.,800,no,,
term,v./n.,800,no,,
terrible,adj.,1200,no,,
terrific,adj.,800,no,,
test,v./n.,1200,yes,02,第二週核心單字
textbook,n.,800,no,,
than,prep./conj.,1200,no,,
thank,v./n.,1200,no,,
that,adj./adv.,1200,no,,
that's,v.,1200,no,,
the,art.,1200,no,,
theater,n.,1200,no,,
their,pron.,1200,no,,
theirs,pron.,1200,no,,
them,pron.,1200,no,,
themselves,pron.,1200,no,,
then,adj./adv.,1200,no,,
there,adv./n.,1200,no,,
therefore,adv.,800,no,,
there's,v.,1200,no,,
these,adj./pron.,1200,no,,
they,pron.,1200,no,,
they'd,v.,1200,no,,
they'll,v.,1200,no,,
they're,v.,1200,no,,
they've,v.,1200,no,,
thick,adj.,1200,no,,
thief,n.,800,no,,
thin,adj.,1200,no,,
thing,n.,1200,no,,
think,v.,1200,no,,
third,adj./adv.,1200,no,,
thirsty,adj.,1200,no,,
thirteen,adj./n.,1200,no,,
thirty,adj./n.,1200,no,,
this,adj./adv.,1200,no,,
those,adj./pron.,1200,no,,
though,adv./conj.,1200,no,,
thought,n.,800,no,,
thousand,adj./n.,1200,no,,
three,adj./n.,1200,no,,
throat,n.,1200,no,,
through,adv./prep.,1200,no,,
throw,v./n.,1200,no,,
thumb,v./n.,800,no,,
thunder,v./n.,800,no,,
Thursday,n.,1200,no,,
ticket,v./n.,1200,no,,
tidy,adj./v.,1200,no,,
tie,v./n.,1200,no,,
tiger,n.,1200,no,,
till,prep./conj.,800,no,,
time,v./n.,1200,no,,
tiny,adj.,800,no,,
tip,v./n.,1200,no,,
tired,adj.,1200,no,,
title,v./n.,800,no,,
to,prep.,1200,no,,
toast,v./n.,1200,no,,
today,adv./n.,1200,no,,
toe,v./n.,1200,no,,
tofu,n.,800,no,,
together,adj./adv.,1200,no,,
toilet,n.,800,no,,
tomato,n.,1200,no,,
tomorrow,adv./n.,1200,no,,
tongue,v./n.,800,no,,
tonight,adv./n.,1200,no,,
too,adv.,1200,no,,
tool,v./n.,1200,no,,
tooth,n.,1200,no,,
toothache,n.,800,no,,
toothbrush,n.,800,no,,
top,adj./v.,1200,no,,
topic,n.,1200,no,,
total,adj./v.,1200,no,,
touch,v./n.,1200,no,,
toward,prep.,800,no,,
towel,v./n.,1200,no,,
tower,v./n.,800,no,,
town,n.,1200,no,,
toy,v./n.,1200,no,,
trace,v./n.,800,no,,
trade,v./n.,800,no,,
tradition,n.,800,no,,
traditional,adj.,800,no,,
traffic,v./n.,1200,no,,
train,v./n.,1200,no,,
trap,v./n.,800,no,,
trash,v./n.,1200,no,,
travel,v./n.,800,no,,
treasure,v./n.,800,no,,
treat,v./n.,1200,no,,
tree,n.,1200,no,,
triangle,n.,800,no,,
trick,v./n.,1200,no,,
trip,v./n.,1200,no,,
trouble,v./n.,1200,no,,
trousers,n.,800,no,,
truck,v./n.,1200,no,,
true,adj./v.,1200,no,,
trumpet,v./n.,800,no,,
trust,v./n.,800,no,,
truth,n.,800,no,,
try,v./n.,1200,no,,
T-shirt,n.,1200,no,,
tub,n.,800,no,,
tube,n.,800,no,,
Tuesday,n.,1200,no,,
tunnel,v./n.,800,no,,
turkey,n.,800,no,,
turn,v./n.,1200,no,,
turtle,n.,1200,no,,
TV,n.,1200,no,,
twelve,adj./n.,1200,no,,
twenty,adj./n.,1200,no,,
twice,adv.,1200,no,,
two,adj./n.,1200,no,,
type,v./n.,1200,no,,
typhoon,n.,1200,no,,
U.S.A.,n.,1200,no,,
ugly,adj.,1200,no,,
umbrella,n.,1200,no,,
uncle,n.,1200,no,,
under,adv./prep.,1200,no,,
underline,v./n.,800,no,,
underpass,n.,800,no,,
understand,v.,1200,no,,
underwear,n.,800,no,,
unhappy,adj.,1200,no,,
uniform,adj./v.,1200,no,,
unique,adj./n.,800,no,,
universe,n.,800,no,,
university,n.,800,no,,
until,prep./conj.,1200,no,,
up,adj./v.,1200,no,,
upload,v./n.,1200,no,,
upon,prep.,800,no,,
upper,adj./n.,800,no,,
upstairs,adj./adv.,800,no,,
us,pron.,1200,no,,
USA,n.,1200,no,,
use,v./n.,1200,no,,
useful,adj.,1200,no,,
usual,adj.,800,no,,
usually,adv.,1200,no,,
vacation,v./n.,1200,no,,
valley,n.,800,no,,
valuable,adj.,800,no,,
value,v./n.,800,no,,
vegetable,adj./n.,1200,no,,
vendor,n.,800,no,,
very,adj./adv.,1200,no,,
vest,n.,800,no,,
victory,n.,800,no,,
video,adj./v.,1200,no,,
village,n.,800,no,,
vinegar,n.,800,no,,
violin,n.,1200,no,,
visit,v./n.,1200,no,,
visitor,n.,1200,no,,
vocabulary,n.,800,no,,
voice,v./n.,1200,no,,
volleyball,n.,800,no,,
vote,v./n.,800,no,,
waist,n.,800,no,,
wait,v./n.,1200,no,,
waiter,n.,1200,no,,
waitress,n.,1200,no,,
wake,v.,1200,no,,
walk,v./n.,1200,no,,
wall,v./n.,1200,no,,
wallet,n.,1200,no,,
want,v./n.,1200,no,,
war,v./n.,800,no,,
warm,adj./v.,1200,no,,
wash,v./n.,1200,no,,
wasn't,v.,1200,no,,
waste,v./n.,800,no,,
watch,v./n.,1200,yes,01,第一週確認已掌握；不計入正式核心單字額度
water,v./n.,1200,no,,
waterfall,n.,800,no,,
watermelon,n.,1200,no,,
wave,v./n.,1200,no,,
way,adv./n.,1200,no,,
we,pron.,1200,no,,
weak,adj.,1200,no,,
wear,v./n.,1200,no,,
weather,v./n.,1200,no,,
we'd,v.,1200,no,,
wedding,n.,800,no,,
Wednesday,n.,1200,no,,
week,n.,1200,no,,
weekday,n.,800,no,,
weekend,v./n.,1200,yes,01,第一週確認已掌握；不計入正式核心單字額度
weight,n.,800,no,,
welcome,adj./v.,1200,no,,
well,adj./adv.,1200,no,,
we'll,v.,1200,no,,
we're,v.,1200,no,,
weren't,v.,1200,no,,
west,adj./adv.,1200,no,,
wet,adj./v.,1200,no,,
we've,v.,1200,no,,
whale,n.,800,no,,
what,adj./pron.,1200,no,,
what's,v.,1200,no,,
wheel,v./n.,800,no,,
when,adv./conj.,1200,no,,
when's,v.,1200,no,,
where,adv./conj.,1200,no,,
where's,v.,1200,no,,
whether,conj.,1200,no,,
which,adj./pron.,1200,no,,
while,v./conj.,1200,no,,
white,adj./n.,1200,no,,
who,pron.,1200,no,,
who'd,v.,1200,no,,
whole,adj./n.,800,no,,
who's,v.,1200,no,,
whose,pron.,1200,no,,
why,adv./conj.,1200,no,,
wide,adj./adv.,1200,no,,
wife,n.,1200,no,,
wild,adj./adv.,800,no,,
will,v./n.,1200,no,,
win,v./n.,1200,no,,
wind,v./n.,1200,no,,
window,n.,1200,no,,
windy,adj.,1200,no,,
wing,v./n.,800,no,,
winner,n.,800,no,,
winter,n.,1200,no,,
wise,adj.,1200,no,,
wish,v./n.,1200,no,,
with,prep.,1200,no,,
without,adv./prep.,1200,no,,
wok,n.,800,no,,
wolf,n.,800,no,,
woman,n.,1200,no,,
women's room,n.,800,no,,
wonderful,adj.,1200,no,,
won't,v.,1200,no,,
wood,n.,800,no,,
woods,n.,800,no,,
word,v./n.,1200,no,,
work,v./n.,1200,no,,
workbook,n.,1200,no,,
worker,n.,1200,no,,
world,adj./n.,1200,no,,
worm,v./n.,800,no,,
worry,v./n.,1200,no,,
would,v.,1200,no,,
wouldn't,v.,1200,no,,
wound,v./n.,800,no,,
wrist,n.,800,no,,
write,v.,1200,no,,
writer,n.,1200,no,,
wrong,adj./v.,1200,no,,
yard,n.,1200,no,,
yeah,adv.,1200,no,,
year,n.,1200,no,,
yell,v./n.,800,no,,
yellow,adj./v.,1200,no,,
yes,adv./int.,1200,no,,
yesterday,adj./adv.,1200,no,,
yet,adv./conj.,1200,no,,
you,pron.,1200,no,,
you'd,v.,1200,no,,
you'll,v.,1200,no,,
young,adj./n.,1200,no,,
your,pron.,1200,no,,
you're,v.,1200,no,,
yours,pron.,1200,no,,
yourself,pron.,1200,no,,
yourselves,pron.,1200,no,,
youth,n.,800,no,,
you've,v.,1200,no,,
yummy,adj.,1200,no,,
zebra,n.,1200,no,,
zero,adj./v.,1200,no,,
zoo,n.,1200,no,,
